Workbook

Sheet Inventory Database
A1: 🏬 PRODUCT INVENTORY DATABASE
A2: TechMart Philippines Inc. | Last Updated: April 23, 2026 | Managed by: Data Entry Specialist
A3: Product ID | B3: Product Name | C3: Category | D3: Brand | E3: Unit | F3: Unit Cost (₱) | G3: Selling Price (₱) | H3: Markup % | I3: Qty In Stock | J3: Reorder Level | K3: Qty Sold (MTD) | L3: Stock Value (₱) | M3: Status | N3: Supplier | O3: Date Added
A4: PRD-001 | B4: Mechanical Keyboard RGB | C4: Peripherals | D4: Redragon | E4: pcs | F4: 1200 | G4: 2199 | H4: =ROUND((G4-F4)/F4*100,1) -> 83.3 | I4: 85 | J4: 12 | K4: 5 | L4: =F4*I4 -> 102000 | M4: =IF(I4=0,"❌ Out of Stock",IF(I4<=J4,"⚠ Low Stock","✅ In Stock")) -> ✅ In Stock | N4: Tech Solutions PH | O4: 45301
A5: PRD-002 | B5: Wireless Mouse Ergonomic | C5: Peripherals | D5: Logitech | E5: pcs | F5: 980 | G5: 1799 | H5: =ROUND((G5-F5)/F5*100,1) -> 83.6 | I5: 84 | J5: 20 | K5: 11 | L5: =F5*I5 -> 82320 | M5: =IF(I5=0,"❌ Out of Stock",IF(I5<=J5,"⚠ Low Stock","✅ In Stock")) -> ✅ In Stock | N5: Global IT Supply | O5: 45301
A6: PRD-003 | B6: 27" FHD Monitor IPS | C6: Monitors | D6: Samsung | E6: pcs | F6: 8500 | G6: 13995 | H6: =ROUND((G6-F6)/F6*100,1) -> 64.6 | I6: 65 | J6: 6 | K6: 3 | L6: =F6*I6 -> 552500 | M6: =IF(I6=0,"❌ Out of Stock",IF(I6<=J6,"⚠ Low Stock","✅ In Stock")) -> ✅ In Stock | N6: Samsung PH Dist. | O6: 45306
A7: PRD-004 | B7: USB-C Hub 7-in-1 | C7: Accessories | D7: Anker | E7: pcs | F7: 650 | G7: 1299 | H7: =ROUND((G7-F7)/F7*100,1) -> 99.8 | I7: 100 | J7: 30 | K7: 18 | L7: =F7*I7 -> 65000 | M7: =IF(I7=0,"❌ Out of Stock",IF(I7<=J7,"⚠ Low Stock","✅ In Stock")) -> ✅ In Stock | N7: Anker Philippines | O7: 45306
A8: PRD-005 | B8: Noise-Cancelling Headset | C8: Audio | D8: Sony | E8: pcs | F8: 4200 | G8: 7499 | H8: =ROUND((G8-F8)/F8*100,1) -> 78.5 | I8: 79 | J8: 9 | K8: 4 | L8: =F8*I8 -> 331800 | M8: =IF(I8=0,"❌ Out of Stock",IF(I8<=J8,"⚠ Low Stock","✅ In Stock")) -> ✅ In Stock | N8: Sony Philippines | O8: 45311
A9: PRD-006 | B9: 1TB External SSD | C9: Storage | D9: WD | E9: pcs | F9: 2800 | G9: 4999 | H9: =ROUND((G9-F9)/F9*100,1) -> 78.5 | I9: 79 | J9: 15 | K9: 7 | L9: =F9*I9 -> 221200 | M9: =IF(I9=0,"❌ Out of Stock",IF(I9<=J9,"⚠ Low Stock","✅ In Stock")) -> ✅ In Stock | N9: WD Distributors | O9: 45311
A10: PRD-007 | B10: Webcam 1080p HD | C10: Peripherals | D10: Logitech | E10: pcs | F10: 1500 | G10: 2799 | H10: =ROUND((G10-F10)/F10*100,1) -> 86.6 | I10: 87 | J10: 12 | K10: 9 | L10: =F10*I10 -> 130500 | M10: =IF(I10=0,"❌ Out of Stock",IF(I10<=J10,"⚠ Low Stock","✅ In Stock")) -> ✅ In Stock | N10: Global IT Supply | O10: 45323
A11: PRD-008 | B11: Laptop Stand Adjustable | C11: Accessories | D11: Ugreen | E11: pcs | F11: 420 | G11: 899 | H11: =ROUND((G11-F11)/F11*100,1) -> 114 | I11: 114 | J11: 25 | K11: 14 | L11: =F11*I11 -> 47880 | M11: =IF(I11=0,"❌ Out of Stock",IF(I11<=J11,"⚠ Low Stock","✅ In Stock")) -> ✅ In Stock | N11: Ugreen PH | O11: 45323
A12: PRD-009 | B12: 32GB DDR5 RAM | C12: Components | D12: Kingston | E12: pcs | F12: 3100 | G12: 5499 | H12: =ROUND((G12-F12)/F12*100,1) -> 77.4 | I12: 77 | J12: 10 | K12: 5 | L12: =F12*I12 -> 238700 | M12: =IF(I12=0,"❌ Out of Stock",IF(I12<=J12,"⚠ Low Stock","✅ In Stock")) -> ✅ In Stock | N12: Kingston Dist. PH | O12: 45327
A13: PRD-010 | B13: 500W Power Supply | C13: Components | D13: Corsair | E13: pcs | F13: 1800 | G13: 3299 | H13: =ROUND((G13-F13)/F13*100,1) -> 83.3 | I13: 83 | J13: 8 | K13: 3 | L13: =F13*I13 -> 149400 | M13: =IF(I13=0,"❌ Out of Stock",IF(I13<=J13,"⚠ Low Stock","✅ In Stock")) -> ✅ In Stock | N13: Corsair PH | O13: 45327
A14: PRD-011 | B14: Gaming Chair Ergonomic | C14: Furniture | D14: DXRacer | E14: pcs | F14: 9500 | G14: 16999 | H14: =ROUND((G14-F14)/F14*100,1) -> 78.9 | I14: 79 | J14: 4 | K14: 2 | L14: =F14*I14 -> 750500 | M14: =IF(I14=0,"❌ Out of Stock",IF(I14<=J14,"⚠ Low Stock","✅ In Stock")) -> ✅ In Stock | N14: DXRacer PH | O14: 45332
A15: PRD-012 | B15: Cat6 LAN Cable 10m | C15: Networking | D15: TP-Link | E15: pcs | F15: 185 | G15: 349 | H15: =ROUND((G15-F15)/F15*100,1) -> 88.6 | I15: 89 | J15: 50 | K15: 29 | L15: =F15*I15 -> 16465 | M15: =IF(I15=0,"❌ Out of Stock",IF(I15<=J15,"⚠ Low Stock","✅ In Stock")) -> ✅ In Stock | N15: TP-Link Dist. PH | O15: 45332
... A53: PRD-050 | B53: Label Maker | C53: Office | D53: Brother | E53: pcs | F53: 1200 | G53: 2299 | H53: =ROUND((G53-F53)/F53*100,1) -> 91.6 | I53: 92 | J53: 8 | K53: 4 | L53: =F53*I53 -> 110400 | M53: =IF(I53=0,"❌ Out of Stock",IF(I53<=J53,"⚠ Low Stock","✅ In Stock")) -> ✅ In Stock | N53: Brother PH | O53: 45448
A54: TOTALS | I54: =SUM(I4:I53) -> 4550 | K54: =SUM(K4:K53) -> 490 | L54: =SUM(L4:L53) -> 9620750

Sheet Summary
A1: 📊 INVENTORY SUMMARY & KPI REPORT
A2: TechMart Philippines Inc. · Reporting Period: April 2026
A4: TOTAL PRODUCTS | D4: TOTAL STOCK VALUE | G4: LOW STOCK ALERTS | J4: OUT OF STOCK
A5: =COUNTA('Inventory Database'!A4:A53) -> 50 | D5: =SUM('Inventory Database'!L4:L53) -> 9620750 | G5: =COUNTIF('Inventory Database'!M4:M53,"⚠ Low Stock") -> 0 | J5: =COUNTIF('Inventory Database'!M4:M53,"❌ Out of Stock") -> 0
A6: SKUs in Database | D6: Total Inventory Worth | G6: Items Need Reorder | J6: Critical — Act Now
A8: 📦 STOCK BY CATEGORY | H8: 🏭 TOP SUPPLIERS BY STOCK VALUE
A9: Category | B9: # SKUs | C9: Total Qty | D9: Total Value (₱) | E9: Avg Price (₱) | F9: % of Value | G9: =SUM('Inventory Database'!L4:L53) -> 9620750 | H9: Supplier | I9: # SKUs | J9: Total Value (₱) | K9: Avg Markup % | L9: Status
A10: Peripherals | B10: =COUNTIF('Inventory Database'!C4:C53,A10) -> 7 | C10: =SUMIF('Inventory Database'!C4:C53,A10,'Inventory Database'!I4:I53) -> 615 | D10: =SUMIF('Inventory Database'!C4:C53,A10,'Inventory Database'!L4:L53) -> 894780 | E10: =IFERROR(AVERAGEIF('Inventory Database'!C4:C53,A10,'Inventory Database'!G4:G53),0) -> 2784.7143 | F10: =IFERROR(D10/SUM(D10:D20),0) -> 0.093005223 | H10: Anker Philippines | I10: =COUNTIF('Inventory Database'!N4:N53,H10) -> 4 | J10: =SUMIF('Inventory Database'!N4:N53,H10,'Inventory Database'!L4:L53) -> 319920 | K10: =IFERROR(AVERAGEIF('Inventory Database'!N4:N53,H10,'Inventory Database'!H4:H53),0) -> 96.375 | L10: =IF(I10>0,"Active","—") -> Active
A11: Monitors | B11: =COUNTIF('Inventory Database'!C4:C53,A11) -> 1 | C11: =SUMIF('Inventory Database'!C4:C53,A11,'Inventory Database'!I4:I53) -> 65 | D11: =SUMIF('Inventory Database'!C4:C53,A11,'Inventory Database'!L4:L53) -> 552500 | E11: =IFERROR(AVERAGEIF('Inventory Database'!C4:C53,A11,'Inventory Database'!G4:G53),0) -> 13995 | F11: =IFERROR(D11/SUM(D10:D20),0) -> 0.057427955 | H11: TP-Link Dist. PH | I11: =COUNTIF('Inventory Database'!N4:N53,H11) -> 4 | J11: =SUMIF('Inventory Database'!N4:N53,H11,'Inventory Database'!L4:L53) -> 370465 | K11: =IFERROR(AVERAGEIF('Inventory Database'!N4:N53,H11,'Inventory Database'!H4:H53),0) -> 92.75 | L11: =IF(I11>0,"Active","—") -> Active
A12: Accessories | B12: =COUNTIF('Inventory Database'!C4:C53,A12) -> 18 | C12: =SUMIF('Inventory Database'!C4:C53,A12,'Inventory Database'!I4:I53) -> 1786 | D12: =SUMIF('Inventory Database'!C4:C53,A12,'Inventory Database'!L4:L53) -> 1342010 | E12: =IFERROR(AVERAGEIF('Inventory Database'!C4:C53,A12,'Inventory Database'!G4:G53),0) -> 1556.2222 | F12: =IFERROR(D12/SUM(D10:D20),0) -> 0.1394912 | H12: Ugreen PH | I12: =COUNTIF('Inventory Database'!N4:N53,H12) -> 5 | J12: =SUMIF('Inventory Database'!N4:N53,H12,'Inventory Database'!L4:L53) -> 118305 | K12: =IFERROR(AVERAGEIF('Inventory Database'!N4:N53,H12,'Inventory Database'!H4:H53),0) -> 101.44 | L12: =IF(I12>0,"Active","—") -> Active
A13: Audio | B13: =COUNTIF('Inventory Database'!C4:C53,A13) -> 3 | C13: =SUMIF('Inventory Database'!C4:C53,A13,'Inventory Database'!I4:I53) -> 256 | D13: =SUMIF('Inventory Database'!C4:C53,A13,'Inventory Database'!L4:L53) -> 938400 | E13: =IFERROR(AVERAGEIF('Inventory Database'!C4:C53,A13,'Inventory Database'!G4:G53),0) -> 6832.3333 | F13: =IFERROR(D13/SUM(D10:D20),0) -> 0.097539173 | H13: Global IT Supply | I13: =COUNTIF('Inventory Database'!N4:N53,H13) -> 2 | J13: =SUMIF('Inventory Database'!N4:N53,H13,'Inventory Database'!L4:L53) -> 212820 | K13: =IFERROR(AVERAGEIF('Inventory Database'!N4:N53,H13,'Inventory Database'!H4:H53),0) -> 85.1 | L13: =IF(I13>0,"Active","—") -> Active
A14: Storage | B14: =COUNTIF('Inventory Database'!C4:C53,A14) -> 4 | C14: =SUMIF('Inventory Database'!C4:C53,A14,'Inventory Database'!I4:I53) -> 332 | D14: =SUMIF('Inventory Database'!C4:C53,A14,'Inventory Database'!L4:L53) -> 642320 | E14: =IFERROR(AVERAGEIF('Inventory Database'!C4:C53,A14,'Inventory Database'!G4:G53),0) -> 3549 | F14: =IFERROR(D14/SUM(D10:D20),0) -> 0.066764026 | H14: Samsung PH Dist. | I14: =COUNTIF('Inventory Database'!N4:N53,H14) -> 2 | J14: =SUMIF('Inventory Database'!N4:N53,H14,'Inventory Database'!L4:L53) -> 732900 | K14: =IFERROR(AVERAGEIF('Inventory Database'!N4:N53,H14,'Inventory Database'!H4:H53),0) -> 73.2 | L14: =IF(I14>0,"Active","—") -> Active
A15: Components | B15: =COUNTIF('Inventory Database'!C4:C53,A15) -> 8 | C15: =SUMIF('Inventory Database'!C4:C53,A15,'Inventory Database'!I4:I53) -> 686 | D15: =SUMIF('Inventory Database'!C4:C53,A15,'Inventory Database'!L4:L53) -> 2914575 | E15: =IFERROR(AVERAGEIF('Inventory Database'!C4:C53,A15,'Inventory Database'!G4:G53),0) -> 8336.5 | F15: =IFERROR(D15/SUM(D10:D20),0) -> 0.30294676 | H15: Tech Solutions PH | I15: =COUNTIF('Inventory Database'!N4:N53,H15) -> 3 | J15: =SUMIF('Inventory Database'!N4:N53,H15,'Inventory Database'!L4:L53) -> 132305 | K15: =IFERROR(AVERAGEIF('Inventory Database'!N4:N53,H15,'Inventory Database'!H4:H53),0) -> 107.3 | L15: =IF(I15>0,"Active","—") -> Active
A16: Networking | B16: =COUNTIF('Inventory Database'!C4:C53,A16) -> 4 | C16: =SUMIF('Inventory Database'!C4:C53,A16,'Inventory Database'!I4:I53) -> 371 | D16: =SUMIF('Inventory Database'!C4:C53,A16,'Inventory Database'!L4:L53) -> 370465 | E16: =IFERROR(AVERAGEIF('Inventory Database'!C4:C53,A16,'Inventory Database'!G4:G53),0) -> 1911.5 | F16: =IFERROR(D16/SUM(D10:D20),0) -> 0.038506873 | H16: APC Philippines | I16: =COUNTIF('Inventory Database'!N4:N53,H16) -> 2 | J16: =SUMIF('Inventory Database'!N4:N53,H16,'Inventory Database'!L4:L53) -> 432600 | K16: =IFERROR(AVERAGEIF('Inventory Database'!N4:N53,H16,'Inventory Database'!H4:H53),0) -> 87.5 | L16: =IF(I16>0,"Active","—") -> Active
A17: Furniture | B17: =COUNTIF('Inventory Database'!C4:C53,A17) -> 2 | C17: =SUMIF('Inventory Database'!C4:C53,A17,'Inventory Database'!I4:I53) -> 157 | D17: =SUMIF('Inventory Database'!C4:C53,A17,'Inventory Database'!L4:L53) -> 1101500 | E17: =IFERROR(AVERAGEIF('Inventory Database'!C4:C53,A17,'Inventory Database'!G4:G53),0) -> 12499 | F17: =IFERROR(D17/SUM(D10:D20),0) -> 0.11449211 | H17: 3M Philippines | I17: =COUNTIF('Inventory Database'!N4:N53,H17) -> 2 | J17: =SUMIF('Inventory Database'!N4:N53,H17,'Inventory Database'!L4:L53) -> 94800 | K17: =IFERROR(AVERAGEIF('Inventory Database'!N4:N53,H17,'Inventory Database'!H4:H53),0) -> 100.3 | L17: =IF(I17>0,"Active","—") -> Active
A18: Software | B18: =COUNTIF('Inventory Database'!C4:C53,A18) -> 1 | C18: =SUMIF('Inventory Database'!C4:C53,A18,'Inventory Database'!I4:I53) -> 110 | D18: =SUMIF('Inventory Database'!C4:C53,A18,'Inventory Database'!L4:L53) -> 41800 | E18: =IFERROR(AVERAGEIF('Inventory Database'!C4:C53,A18,'Inventory Database'!G4:G53),0) -> 799 | F18: =IFERROR(D18/SUM(D10:D20),0) -> 0.0043447756 | H18: Noctua PH | I18: =COUNTIF('Inventory Database'!N4:N53,H18) -> 2 | J18: =SUMIF('Inventory Database'!N4:N53,H18,'Inventory Database'!L4:L53) -> 61975 | K18: =IFERROR(AVERAGEIF('Inventory Database'!N4:N53,H18,'Inventory Database'!H4:H53),0) -> 99.5 | L18: =IF(I18>0,"Active","—") -> Active
A19: Display | B19: =COUNTIF('Inventory Database'!C4:C53,A19) -> 1 | C19: =SUMIF('Inventory Database'!C4:C53,A19,'Inventory Database'!I4:I53) -> 80 | D19: =SUMIF('Inventory Database'!C4:C53,A19,'Inventory Database'!L4:L53) -> 712000 | E19: =IFERROR(AVERAGEIF('Inventory Database'!C4:C53,A19,'Inventory Database'!G4:G53),0) -> 15999 | F19: =IFERROR(D19/SUM(D10:D20),0) -> 0.074006704 | H19: CM Distributors | I19: =COUNTIF('Inventory Database'!N4:N53,H19) -> 2 | J19: =SUMIF('Inventory Database'!N4:N53,H19,'Inventory Database'!L4:L53) -> 182280 | K19: =IFERROR(AVERAGEIF('Inventory Database'!N4:N53,H19,'Inventory Database'!H4:H53),0) -> 88.3 | L19: =IF(I19>0,"Active","—") -> Active
A20: Office | B20: =COUNTIF('Inventory Database'!C4:C53,A20) -> 1 | C20: =SUMIF('Inventory Database'!C4:C53,A20,'Inventory Database'!I4:I53) -> 92 | D20: =SUMIF('Inventory Database'!C4:C53,A20,'Inventory Database'!L4:L53) -> 110400 | E20: =IFERROR(AVERAGEIF('Inventory Database'!C4:C53,A20,'Inventory Database'!G4:G53),0) -> 2299 | F20: =IFERROR(D20/SUM(D10:D20),0) -> 0.011475197
A21: GRAND TOTAL | B21: =SUM(B10:B20) -> 50 | C21: =SUM(C10:C20) -> 4550 | D21: =SUM(D10:D20) -> 9620750 | F21: 100.0%

Sheet Dashboard
A1: 📈 INVENTORY DASHBOARD | R1: Category | S1: Stock Value | T1: Qty In Stock
A2: Visual Analytics · TechMart Philippines Inc. · April 2026 | R2: Peripherals | S2: =Summary!D10 -> 894780 | T2: =Summary!C10 -> 615
R3: Monitors | S3: =Summary!D11 -> 552500 | T3: =Summary!C11 -> 65
R4: Accessories | S4: =Summary!D12 -> 1342010 | T4: =Summary!C12 -> 1786
R5: Audio | S5: =Summary!D13 -> 938400 | T5: =Summary!C13 -> 256
R6: Storage | S6: =Summary!D14 -> 642320 | T6: =Summary!C14 -> 332
R7: Components | S7: =Summary!D15 -> 2914575 | T7: =Summary!C15 -> 686
R8: Networking | S8: =Summary!D16 -> 370465 | T8: =Summary!C16 -> 371
R9: Furniture | S9: =Summary!D17 -> 1101500 | T9: =Summary!C17 -> 157
R10: Software | S10: =Summary!D18 -> 41800 | T10: =Summary!C18 -> 110
R11: Display | S11: =Summary!D19 -> 712000 | T11: =Summary!C19 -> 80
R12: Office | S12: =Summary!D20 -> 110400 | T12: =Summary!C20 -> 92
R14: Status | S14: Count
R15: In Stock | S15: =COUNTIF('Inventory Database'!M4:M53,"✅ In Stock") -> 50
R16: Low Stock | S16: =COUNTIF('Inventory Database'!M4:M53,"⚠ Low Stock") -> 0
R17: Out of Stock | S17: =COUNTIF('Inventory Database'!M4:M53,"❌ Out of Stock") -> 0

Sheet Reorder Alert
A1: 🚨 REORDER ALERT LIST
A2: Products that are Out of Stock or Below Reorder Level
A3: Product ID | B3: Product Name | C3: Category | D3: Qty In Stock | E3: Reorder Level | F3: Shortage | G3: Supplier | H3: Status
